roi_ids_rem,degallsub_w_avg,degallsub_b_avg,pet_avg,ICallsub_w_avg,ICallsub_b_avg,AvgMIallsub_avg,btw_avg
1,13.711940796881228,158.88888888888889,30.300870365566677,29.327604948233013,29.60441580697733,0.08176828902184935,0.002911286723956759
2,12.824452074009375,148.05555555555554,26.13041951921251,29.000159294727407,29.475060829948184,0.08367617519523324,0.0029886571375106158
3,9.80182327992715,142.11111111111111,26.352557473712498,29.843377490842038,29.79397886471524,0.06483631096223105,0.002777237984194844
6,3.413638526747463,98.0,32.497535122765434,30.14624977334642,30.009055572641266,0.03209930442448576,0.004662916900577219
7,6.26631216180487,117.44444444444444,32.61418840620253,29.957880018713354,29.713613081508097,0.048618690141709164,0.003458277554663097
8,9.715399787177711,143.27777777777777,24.402567121717667,29.26263259437191,29.4407310650117,0.06460641822450862,0.0030120481927710845
10,5.298616570488664,116.11111111111111,36.84918604956733,29.77823342569317,29.60247703235056,0.04009383227655051,0.0037173784744713623
11,7.201392206663276,119.83333333333333,27.998856650458443,29.770957217689222,29.66195731401489,0.05796082077522799,0.0034636754904924356
13,8.012150538456916,137.22222222222223,30.85598956214057,29.378266551658132,29.485965683157517,0.054765183720934286,0.0033242288149011815
14,6.524929076448443,128.05555555555554,28.017965740627712,29.454159796653414,29.48518281604101,0.046693527429276176,0.003720977098357588
19,10.681912061717744,141.33333333333334,27.72723642985026,29.5240530927513,29.623639581037637,0.06938091067582551,0.002662082019835614
20,4.769255361099351,100.11111111111111,27.646986378563774,30.048178318252084,29.745069177867713,0.041705832882357664,0.004035856688402355
21,2.9171598669417595,89.33333333333333,24.111946529812283,29.613784159174045,29.600747985696007,0.03054586510500757,0.004938211627873501
22,1.4215606675365633,55.53333333333333,26.72094096077813,29.816506094570634,30.013310550666073,0.024297013134421508,0.010127427271811257
25,7.376693181804255,137.0,22.862999041875202,29.762150786681225,29.66368572254296,0.04898864784122524,0.003602222510112133
26,5.857468381009994,117.0,30.715914673275417,30.28941630053585,30.02256972751917,0.0461162953992713,0.003750665745418951
27,15.861904789736473,166.38888888888889,33.69790818956163,30.050866591226647,29.698560597198796,0.09186144540190484,0.0018343985260036559
28,9.39709877415897,134.16666666666666,29.314594586690266,29.996864083456963,29.788559939794293,0.06576868329282022,0.0028932936045256295
29,7.372913237186694,132.66666666666666,28.757123523288303,29.763724961814532,29.726977155482846,0.05105445592148308,0.003492464481582243
30,12.331681909446225,154.72222222222223,27.364210923512776,29.407215549074085,29.63380603966972,0.07440739819606462,0.0025595212390781765
32,8.720645268926479,127.0,29.888566546969944,29.041462315848182,29.44055492915866,0.06657339298718139,0.0031883807631961536
33,10.7689439448756,149.16666666666666,31.42116101582845,29.609499367086585,29.51455685629507,0.06650211014971823,0.0024956456650976665
34,11.463505227211042,139.77777777777777,27.839227570427788,29.133893010231716,29.50326021688251,0.07474887919192649,0.002974262641965712
35,8.459009384208168,125.0,32.73618772294786,30.29740040463588,29.82247007410296,0.06482776435570718,0.003005750600970189
36,2.977844268829141,86.11111111111111,25.94434192445543,29.767559335853903,29.748796413613338,0.03311905018159673,0.0052944753926098655
37,8.230466740152067,132.83333333333334,29.385201904508804,29.676354083880533,29.548183161946504,0.05727601600800653,0.0026737775474658487
40,4.183582004263592,97.44444444444444,31.784553951687283,29.874992205535687,29.75328666527864,0.03537349653571917,0.00413931712513135
42,3.2245358857867807,86.11111111111111,20.954650931888157,29.373614262461828,29.54377523664437,0.031721764813726024,0.0035275510644729464
43,4.070257309571288,99.27777777777777,33.43115605248345,29.38016745368063,29.30422650626305,0.035378036864755824,0.004397518388968059
46,7.886946658833987,113.38888888888889,29.5684519343906,29.806286291804003,29.615431617614362,0.06430561332863129,0.003446582027032863
48,1.090326376027407,47.05882352941177,21.058351251814102,29.169244093502993,29.387403663766445,0.022356636375503686,0.004298556232096846
49,5.168349980034644,112.38888888888889,30.459398640526665,29.55314125544033,29.47173194798356,0.04033397061173167,0.0031685883318219115
50,8.954856689300016,142.5,31.307619624667698,29.580878901081505,29.5686519074103,0.0578504044259028,0.003216270098314404
53,10.210437088575487,145.83333333333334,31.448678016662598,29.81663069454453,29.70316476565658,0.06344519948671218,0.0026161995652862345
54,3.9211218429615493,91.0,35.54157532585992,30.16073167584504,29.918165727923036,0.03792340679535172,0.003637309093002836
55,6.938317822281701,121.0,33.505964544084335,30.28066760540108,29.880814443549372,0.053541457696377255,0.0038118423514847924
57,8.945945649927873,138.27777777777777,31.070635159810383,29.78222405282313,29.662931774955332,0.05845077660791812,0.0038235378791150257
58,6.730149659355129,108.94444444444444,32.40323538250394,30.38669322183333,29.969163132653712,0.05263768754534083,0.0030147471606857532
59,8.628791024783636,139.72222222222223,32.76287931866116,30.293405196222743,29.985685736689593,0.05951870274917158,0.003339522966417642
60,4.192701073270121,99.66666666666667,35.37321058909098,29.694689538834137,29.620767205252687,0.03722209771960597,0.003817240287314132
62,9.739629142488338,122.38888888888889,30.17711395687527,29.803065459647105,29.72638529034713,0.07708317888063089,0.002964366426278591
64,5.091177010697505,113.05555555555556,33.844122621748184,30.08775900927786,29.828769274224967,0.04383170298960958,0.003644506340775287
67,5.6181987876134,119.77777777777777,34.62469583087497,29.945123257164603,29.67995345822174,0.04294238949224172,0.004014264945084999
69,4.924977023126534,102.33333333333333,37.09107011907241,30.31562260795666,29.933537776856774,0.043671447823230736,0.0037641605849922993
70,4.82680842471397,103.11111111111111,36.340917375352646,29.97677302421392,29.730035515676548,0.04341431863589602,0.0032486577132904374
71,1.2855406210289573,54.42857142857143,27.19974162843492,28.799631891649053,28.93238081456658,0.02323381483211293,0.003352118150019432
72,5.73841499938089,115.0,29.89020284016927,29.692148837487633,29.660027333596652,0.043522555686234,0.003442983403146637
73,9.624093811601448,130.83333333333334,27.7076629002889,30.263492613461487,29.98623496529088,0.06969517124381984,0.003219868722200631
76,6.88545529395651,119.88888888888889,27.723619514041477,29.394823634399074,29.527882062027295,0.04986937714628034,0.003483467921866678
77,10.864483481765129,148.38888888888889,28.63523546854655,29.391881083352903,29.512075914753048,0.06613081012266929,0.0027232586259014553
78,3.2280858935485335,89.52941176470588,32.26929489771525,30.066988488175518,29.76471949211569,0.032153065950946164,0.004423608412143196
80,8.303023920485716,121.05555555555556,26.172236998875935,30.15254313965896,29.92702840742276,0.06273856586432935,0.0029958543852830677
82,5.40425233002387,119.11111111111111,33.77128129535251,29.88366172582968,29.615158725361628,0.042302832011777536,0.003900008636697327
83,5.496538182389352,109.61111111111111,29.612626870473225,29.082969966538037,29.332293412197103,0.04806026133087915,0.003663399116177973
84,7.408660611335454,131.55555555555554,29.87397485309177,29.431645659374436,29.5632404185896,0.052143467917619264,0.0034744713621511136
85,9.909671837523415,151.5,28.194096830156113,29.577025743243055,29.61128114412114,0.06193717584755861,0.0028770997970376127
86,6.121150024814128,121.66666666666667,34.02026806937324,30.157403188954966,29.891219297389014,0.04486196420109403,0.003989974233852975
89,3.9780120885379517,92.38888888888889,25.300446616278755,29.951222862756865,29.780978536649116,0.040585148487951334,0.004390321141195607
90,9.856520404649237,126.61111111111111,31.657766183217365,29.826366021499876,29.707476533081554,0.07457484506665198,0.0034708727382648874
91,13.918962825807045,151.88888888888889,32.345924589369034,29.52569871068699,29.52711522628171,0.08563947998177712,0.0022014581623986985
94,4.3327386653855235,101.16666666666667,29.00450144873725,29.18052712816204,29.250658737122862,0.040220984598627565,0.004349836622475565
95,6.164373422286076,109.38888888888889,31.31460060013665,30.08098859240202,29.82048221352888,0.05454370238922833,0.003848728246318608
96,11.588963104619985,133.77777777777777,26.550705115000408,28.818543585627065,29.42931429789145,0.08466587181312783,0.002376891076852212
97,5.98750900555233,101.61111111111111,25.920729849073624,29.99624479255183,29.856662887414885,0.05432732635322516,0.003921600380014682
98,5.359313358688159,108.5,30.286251968807644,29.883021520909868,29.7226947522339,0.041749887508546524,0.0035365476241885105
99,7.038497955592476,126.44444444444444,36.026032818688286,29.565097789656786,29.54794646396814,0.04824717204606606,0.0026126009414000084
100,5.423457751353463,114.27777777777777,33.654935359954834,30.200506150080084,29.847580216355684,0.04610839524955405,0.0030705258309222556
101,10.919357508093478,135.61111111111111,27.393960422939724,29.449515248696247,29.580317961976316,0.07421836519236653,0.002618898533200904
102,9.631928700376182,145.33333333333334,32.37858035829332,30.369789422102865,29.875088717956537,0.06371047214250683,0.003105612413812958
104,5.5431326472357325,113.38888888888889,29.18436582883199,30.112223528111983,29.86759182311729,0.046176102096586576,0.0037326726259878217
105,5.622744928650359,115.77777777777777,32.104693465762665,29.71663258414716,29.672257222518525,0.041145063018328806,0.0031335017489312086
106,9.640802714228887,129.11111111111111,25.138202057944405,29.03892115044486,29.451293311814695,0.07164708834054918,0.00328374429618114
107,5.676655631800127,107.77777777777777,29.88742102517022,29.80344241802133,29.867546422617618,0.04984645615245693,0.004399317700911172
108,10.853367560147976,148.5,28.041049586402046,29.78881348849167,29.702799057106112,0.06698667692146922,0.0024317700911171566
110,2.725483820249886,79.6470588235294,29.15848837958442,29.792919370348883,29.676255179299112,0.03007316046107035,0.00385322652617639
111,4.927700064224364,103.55555555555556,34.712402175454535,30.55071894230275,30.07382088999479,0.04178323588322383,0.004177102675936722
112,8.147519006366684,132.38888888888889,27.388292842441135,29.658567527495038,29.553654623753616,0.05502077798867881,0.0028941932604971857
114,11.030504394854844,138.83333333333334,29.14904334810045,29.23444171082081,29.5065192114323,0.07411591950578579,0.0024029811000273495
116,4.375642280501637,97.88888888888889,34.291095362769234,30.705596001704993,29.989965754607624,0.039962266494862224,0.00464222481323142
117,6.850286882058871,125.05555555555556,29.707677417331272,29.692359394230152,29.56000355978497,0.04775998557775723,0.0035266514085013894
118,4.073079918288676,104.44444444444444,33.64554516474406,30.33415488502932,30.02617070329777,0.037474504572313216,0.004454196715176117
121,11.30845313708418,141.0,27.26283237669203,29.876970378459614,29.807159814571353,0.07799724875754883,0.002560420895049732
122,8.352706384356374,140.94444444444446,32.56643014483981,30.02016950627585,29.85193405035231,0.05549744833914297,0.0032180694102575177
123,3.3018540517079873,85.5,33.4982499395098,29.4386966952318,29.544229833724298,0.031970968948419214,0.003965683522620949
124,3.6369285617338676,99.22222222222223,29.07491159439087,29.74009547810712,29.615735080935288,0.03459513705126783,0.004263469649206143
126,4.589435870203195,95.44444444444444,28.57021623187595,29.896144125671817,29.832427240822003,0.04219655856910609,0.004038555656317024
127,12.795869125511135,153.88888888888889,29.73308738072713,29.316286161178645,29.441671684233963,0.08009693937998594,0.0022977213513552417
128,9.338894176043201,146.0,31.0056602689955,29.654559239325167,29.61233999218213,0.060057771123709185,0.002514538440500353
129,3.010110281081161,87.83333333333333,35.15781916512383,30.049199203073133,29.983917185775777,0.03094476037253486,0.0035536410876480834
132,10.17109510668244,136.0,31.19712299770779,29.849043735374703,29.69749934154556,0.07083173007524465,0.0029049891321558637
133,2.9726978480626203,85.16666666666667,34.290624883439804,29.99512761447684,29.91833698463661,0.03225076209898999,0.004091635358638856
134,6.271507542956485,109.94444444444444,30.371954758961994,29.06826097310038,29.327688429870005,0.05463005590720296,0.0037947488880252195
135,6.534613147886187,118.55555555555556,30.28161965476142,30.12560666008945,29.780669044663618,0.05169175597751575,0.0032621525528637846
139,10.635139296383295,140.66666666666666,32.37365537219577,30.0953707225217,29.758260250469668,0.07205623901837782,0.002560420895049733
140,9.083004677305196,133.16666666666666,32.2462027337816,30.29892779842581,29.93902929578481,0.06412631133259342,0.002652185804148494
142,8.394208679438268,129.66666666666666,30.021504561106365,29.418564658776113,29.502511389278805,0.05637072322023324,0.0027061651624418824
143,2.259838380127587,75.07142857142857,21.1292604299692,27.952310514267285,28.03409383335859,0.026374615307253265,0.0035484680658116334
144,1.8600075117836776,65.42857142857143,26.08749516805013,27.39306768190605,27.339049669436413,0.02433977617281061,0.0018108487079246777
145,3.676728687306156,96.72222222222223,32.2078587214152,29.71228361062165,29.71148747130532,0.034340409362125915,0.00388381482920931
147,7.781381710420375,126.66666666666667,31.58865769704183,30.048332316361797,29.875196848261144,0.058221429138531594,0.0030498337435764565
148,9.724717570523172,131.11111111111111,31.04684813817342,29.44082208986188,29.56965848904759,0.06814169219098704,0.0024047804119704625
150,5.483947850553191,115.05555555555556,34.25276072820028,30.129627842917962,29.77341417417855,0.04515947110974728,0.003666098084092642
152,15.630242711586028,174.38888888888889,26.372380256652832,29.734919597950025,29.694540545385273,0.08720529787634534,0.0020988973816412604
155,6.230510733740278,114.88888888888889,29.327542357974583,30.53634041519481,29.988281515234746,0.052330775088787876,0.0024290711232024874
157,8.324881225042803,138.0,28.82667303085327,29.667076520754726,29.712014555813557,0.0546703221286174,0.0035608383354205353
158,5.425135544888641,120.55555555555556,21.208968083063763,29.47001749134018,29.45658957166042,0.04182386190387019,0.0037659598969354124
160,5.062836779620843,102.23529411764706,26.4833434178279,29.11371981516963,29.138210168222816,0.04039276506548591,0.002931079155331001
161,3.9620260901306636,97.72222222222223,32.62783718109131,29.640161063145868,29.644162543686193,0.03345672646396145,0.00426706827309237
162,5.324583520875739,116.05555555555556,28.839067300160725,29.487175925518095,29.508254806276966,0.0399787111016369,0.0040988326064113085
163,8.458508533683336,122.77777777777777,34.957727167341446,30.664368442201255,29.966908411483725,0.0649869578538568,0.0029787609218234947
164,6.766246266586943,129.33333333333334,29.93284511566162,29.27057708475255,29.46265533395929,0.04937541444156882,0.0033332253746167465
165,13.016662037808281,143.72222222222223,25.426284948984783,29.242469715514364,29.615100819632314,0.08609236544615838,0.0030102488808279714
167,6.1991464613097325,123.05555555555556,32.95063617494371,29.39290264024854,29.476958734528964,0.044781257503813836,0.0037146795065566927
170,14.18056175076731,155.16666666666666,26.383099873860676,29.289235615634468,29.64821328270496,0.0873981363662054,0.0018290005901743175
171,4.489982109129503,103.22222222222223,26.297320259941948,29.537687408822325,29.531640870743175,0.0370413134854283,0.0034375854673172977
175,7.063460851979414,118.55555555555556,31.908910751342773,30.280225716710568,29.81653424543191,0.056354489575354744,0.002848310805947806
177,5.942986769277838,115.27777777777777,29.79906479517619,29.714331363065078,29.59012106408878,0.04875171468539727,0.0034591772106346533
179,8.442917098650014,132.11111111111111,25.94545210732354,29.238243332785057,29.4261845221991,0.05745734185590076,0.0032819449842380276
180,3.304741519747836,92.38888888888889,22.667891873253716,29.466755163524436,29.547969696124248,0.03196547695479989,0.004495580889867714
182,8.069764254957992,130.94444444444446,29.33941517935859,29.17642501579065,29.37320829074151,0.0597650761817603,0.003182982827366815
186,3.343435175632475,84.11111111111111,32.67290634579129,29.604487177659127,29.5486162021849,0.0354258208703029,0.0045045774495832795
189,6.194705648040834,110.55555555555556,28.467884911431206,29.234272639306297,29.36511876786638,0.05140788371746538,0.003353017805990989
192,1.8890129519560495,55.5,32.66667625639174,29.44063675017847,29.591115552956552,0.02941897926056193,0.0010583809893953695
195,5.439520680366982,97.77777777777777,29.713021781709458,29.77051031422732,29.736441559309956,0.05218938904421423,0.003514955880871155
196,4.615659468885829,103.33333333333333,33.06181075837877,30.435396189551195,30.11571523758522,0.04138113030825681,0.0040277597846583475
197,2.2333091727533114,69.3529411764706,27.60472191704644,29.878773083122525,29.697753860689733,0.028625795433594253,0.003676893955751321
198,11.64875038494187,140.27777777777777,29.52646123038398,28.981790412320137,29.286892007028953,0.0794533570309476,0.002652185804148494
199,9.881171461706389,141.27777777777777,27.66626493136088,29.754804402575033,29.76271718895395,0.06387378743673212,0.003098415166040506
200,8.23511915484098,139.05555555555554,33.08559740914239,30.1174193890192,29.793792922896575,0.05820307690186726,0.003537447280160066
201,4.014270785497932,102.5,27.220214472876656,29.31940527718646,29.450009460693984,0.036047027075838074,0.00427966345669416
203,0.7785726535049056,40.5,30.776966200934517,28.72943155266968,28.226820653625914,0.019274166533371558,0.0009392408343049617
204,7.972512976633017,133.88888888888889,32.548937956492104,29.476436817068425,29.49616397247319,0.054187496274930295,0.0029355774351887843
205,6.570087879828344,112.11111111111111,31.255119376712376,29.22339829195411,29.490711058874826,0.05279332238781795,0.003831634782859035
206,6.655816751541117,124.33333333333333,27.056572993596394,29.29657309275614,29.568600773131216,0.0505100061444307,0.0035482431518187446
207,4.623626834165848,105.27777777777777,27.226707564459907,29.399724360112234,29.421320215298483,0.03747489809707549,0.004106929510155316
208,8.691260865563784,141.16666666666666,30.714656511942547,29.28275462093391,29.369271138008465,0.05688141044352705,0.0032900418879820356
209,12.112414890920695,143.33333333333334,26.069939215977985,28.942777089334584,29.36478023136576,0.08137242164175082,0.0024236731873731486
210,12.590701073415396,153.22222222222223,24.30167712105645,29.648073493754744,29.66778187752978,0.07800373739843285,0.002218551625858272
211,1.9132143721856347,65.38461538461539,25.70305135515001,29.842291087917086,30.008331520473355,0.025345131354371584,0.002939652347530539
213,2.9017029141324837,87.61111111111111,32.725771215226914,30.19840811211664,29.904032733750952,0.03080652808901527,0.005090253487066546
214,5.619743103476582,118.11111111111111,31.829773267110188,30.037351153229817,29.788384424722878,0.04294069980115852,0.003683191547552215
215,8.4771299497436,143.33333333333334,24.704286363389755,29.38194735651024,29.478827529139494,0.056753874203772314,0.003948590059161376
217,6.741139374069316,122.83333333333333,34.16835615370009,29.674013189514856,29.520630848668233,0.04697027737124908,0.0029724633300225994
218,7.313324845382916,126.72222222222223,28.55149687661065,29.754741964062006,29.646081160837095,0.05577380418724988,0.003930596939730247
220,7.9887538732020005,132.44444444444446,31.212382634480793,29.380418770629408,29.512794920966158,0.053777087783661276,0.0032747477364655758
221,5.6512792023073315,115.55555555555556,26.59134027693007,29.510740252322762,29.551231840377195,0.042858945851848705,0.003400699572483482
226,10.295109779161253,146.22222222222223,28.094550450642902,29.451366342389406,29.634242298207614,0.0669102005803627,0.002457860114292295
227,5.417715249733686,111.88888888888889,29.802994940016006,30.095224647590246,29.847632946827034,0.04407410978119733,0.004354334902333348
228,3.597431173189191,98.72222222222223,22.59732066260444,29.585064075681505,29.555064742715825,0.03229090628015338,0.004162708180391819
229,1.4290082364364816,61.083333333333336,24.5257125960456,28.233086867906223,28.294394922605544,0.0226986800534572,0.003206373882627283
232,7.056703206304311,137.0,23.742168214586044,29.462060015716784,29.453911986139946,0.04834561728236068,0.003399799916511926
233,4.040011945918873,92.22222222222223,28.771322356330025,30.500772182402297,29.98551268462741,0.041263796175871253,0.0033782081731945704
234,15.190270515260242,166.33333333333334,34.35782792833116,30.034870980952746,29.65112640539873,0.08623865286787895,0.002423355661736129
235,10.687432440816098,140.66666666666666,26.194726520114475,29.695122208611604,29.68446745857646,0.07310884344330114,0.0026215975011155738
236,8.130843366910975,136.61111111111111,29.216153118345474,29.63927278551772,29.545451002665843,0.0545497569278828,0.0028878956686962903
237,8.816929227933077,134.38888888888889,27.827391968833076,29.240164043846587,29.509748330929394,0.05886133069033598,0.0026278950929164687
239,6.6003611332374605,114.16666666666667,28.504311031765408,29.197321621801223,29.417638288918642,0.053972300884290975,0.0029895567934821723
240,5.860668142977401,120.5,31.548667165968155,29.635543396622424,29.516425300666313,0.04412822512394221,0.0033386233104460857
241,6.756096759839387,123.83333333333333,27.61008209652371,29.11452070932265,29.33100788823726,0.0522945153798397,0.003372810237365231
242,6.263733560207376,109.44444444444444,32.91365199618869,30.374673723235333,29.941172138918773,0.05453952271835624,0.003146996588504556
243,2.1093215851484537,68.0,24.703464428583782,29.701339823620646,29.663858665249887,0.029060932075435537,0.0032117718184566223
244,8.29046518822901,139.44444444444446,30.49004210366143,29.434742104065833,29.43686706141211,0.054805602447124555,0.002575715046566193
247,4.073061892738306,95.47058823529412,30.83536508348253,29.59721996087055,29.567729609090648,0.0362981715440547,0.004138417469159794
248,4.727202483255765,109.375,32.30292956969317,30.551318348238212,30.6794872891658,0.041441003303922974,0.0045808232931726905
250,4.620899900685507,106.83333333333333,32.66464143329196,29.311901370633066,29.491632556617674,0.03861161266810092,0.004073642239207728
253,6.834146213836444,112.16666666666667,29.206417984432644,29.79005985395335,29.754022332788843,0.05736743542501564,0.0045981416706251535
255,1.7590079167773631,67.75,19.66937239964803,30.320769095600607,30.39079203019584,0.024233628129921442,0.004445200155460552
257,8.856678659772927,139.0,31.363158967759873,29.447773347882666,29.431334350869847,0.05780375876416602,0.0032225676901153
261,2.9790328022828225,82.5,34.0455797513326,30.03991410205505,29.846249475908557,0.03281571864456002,0.0031317024369880955
262,8.535073153977969,135.38888888888889,32.456613858540855,29.92520194221335,29.757588452114742,0.0584244343062647,0.0028096255991708775
264,8.43118056759069,144.44444444444446,31.073249551985,29.763889517919672,29.65854129584388,0.055335627158620206,0.0035788314548516648
265,5.821401361526654,106.38888888888889,31.39844160609775,30.19305076538423,29.905228437510704,0.04884031732600367,0.003528450720444502
266,7.830631870784659,133.05555555555554,32.371921963161896,30.103952229663832,29.84304110338128,0.054295679470001953,0.003248657713290438
267,3.8427970459928997,89.16666666666667,34.47510708702935,29.70046091810319,29.54422601990367,0.03900369472094801,0.0027691410804508354
269,9.524414484589942,137.77777777777777,30.239216380649143,30.035695140619307,29.78394623206695,0.06774717436772543,0.0023858876365677765
274,6.544075592786876,120.77777777777777,34.36889770295885,29.961300169140745,29.784442454868536,0.048347585198150536,0.00358512904665256
277,5.211822180135832,101.11111111111111,36.40683560901218,29.696278094051927,29.478086182346697,0.04640720335632734,0.0031335017489312086
279,6.717624220971647,125.44444444444444,29.742018593682182,29.57797893305463,29.417512579711577,0.04870904104546934,0.002718760346043673
282,1.6150951012127959,62.8235294117647,21.195818132824368,29.803681669548833,29.905515263280606,0.0237758056117263,0.003390803356796361
283,13.76014825910229,159.27777777777777,29.116699589623344,29.291988752474385,29.504112487231826,0.0818339588653946,0.0025892098861395405
284,10.569971589421787,148.27777777777777,28.890842225816513,29.272270312616588,29.543007888241,0.06580810816233688,0.0021290093962186506
287,7.2497982137681385,120.11111111111111,26.172108199861313,30.035848538700098,29.717184903677467,0.05817062751005756,0.0030525327114911257
288,1.9283638142413726,73.41176470588235,23.32349967956543,29.758861462575485,29.829325037691234,0.024758549486526185,0.004360897098831759
289,5.89635440350197,116.61111111111111,34.103270848592125,30.04664412786628,29.783998350518534,0.047205525063360926,0.0034825682658951216
290,8.30531710452798,125.61111111111111,29.77043538623386,29.002794767352295,29.222341533544416,0.0621079442664065,0.002441666306804278
292,9.219382988664076,146.5,28.116788387298584,29.060363350981447,29.382487656480635,0.059270332932076286,0.0023795900447668807
293,3.8198876673016096,96.88888888888889,29.28176106346978,30.10935208621525,29.851623231864252,0.03525407947573555,0.003731772970016266
295,,,16.56200408935547,,,,7.692058556807877e-05
297,8.517885157565267,118.88888888888889,30.728405952453613,29.81330874777275,29.617453287244203,0.06616819355168764,0.002820421470829554
298,13.603137246166433,157.88888888888889,31.913507832421196,29.528442714363607,29.56145537599254,0.08131524991455898,0.0019333606828748687
301,5.316986008081246,107.38888888888889,30.124383449554443,29.125288751817102,29.319829338406766,0.045831498086584724,0.0032558549610628897
303,9.410707515669802,124.0,27.041772471533882,28.79848455058541,29.38269614641288,0.07340898472946279,0.0031433979646183306
304,5.5365576399213206,104.11111111111111,26.397503164079453,29.982953202035276,29.90853159798848,0.05085502170114854,0.002880698420923839
305,5.226052966637374,116.0,31.102987819247776,29.97097829338533,29.722312000853005,0.041526246099389805,0.0028186221588864416
308,13.686780161616106,146.33333333333334,29.196788363986546,29.351003559310623,29.611506890123312,0.08823166810182435,0.001828100934202761
309,7.851755814645281,129.77777777777777,32.355903413560654,30.25185611908382,29.967732965959524,0.056605991391805714,0.003108311381727627
310,1.6359332120415306,63.57142857142857,21.093008858816965,29.318275683425668,29.307076086288614,0.024296966904121673,0.0031061746987951803
311,5.48723707369473,118.11111111111111,28.66298548380534,29.840157424215647,29.780274784475637,0.043273313244650405,0.0032306645938593084
313,8.903486368482357,120.16666666666667,26.946288214789497,28.8184845852346,29.345592930785966,0.07024186576109158,0.0027286565617307946
314,3.7751069603103082,91.0,28.86474672953288,29.75045351541051,29.704191521717764,0.038058774630772764,0.00410602985418376
315,8.644422439467164,137.22222222222223,26.69649839401245,29.48506522873115,29.612663815970052,0.056338415413381186,0.003290941543953592
317,3.139198509098661,83.5,29.177203761206734,29.942114095585694,29.697797344765256,0.03193136836151814,0.003363813677649667
319,7.954860744510359,138.44444444444446,27.62691699133979,29.675035251925546,29.62075091031458,0.052784419003704404,0.0026665802996933973
321,8.588118593653512,125.72222222222223,26.79720099767049,29.033879827092203,29.40122453993784,0.06520922820548886,0.0028483108059478056
324,5.522693769967241,114.94444444444444,29.58979450331794,29.42738196341193,29.463194660016224,0.04291716019073975,0.0036624994602064173
325,2.937313755906493,81.05555555555556,33.227286444769966,29.878770355091685,29.68653774837174,0.03191625079683112,0.002976061953908825
328,8.883437798458045,127.72222222222223,28.196687168545193,30.053564579219554,29.751532871423553,0.06872080227001248,0.003248657713290438
329,10.078909078387262,154.38888888888889,31.86624664730496,29.711772927559416,29.64287152944743,0.06145877145335584,0.0023741921089375424
330,3.833890787702418,94.76470588235294,33.05201005935669,30.02983003575333,29.908759339062613,0.03402616784544936,0.003791256106018
333,6.302189540825018,115.44444444444444,29.72984716627333,30.046079858654352,29.843670597743635,0.051418411559953144,0.00335031883807632
335,12.273470810885266,158.16666666666666,29.415406386057537,29.40777665839268,29.473106418497952,0.07381486825734719,0.0019081703156712873
342,4.439359853776566,101.16666666666667,28.962827099694145,30.06649163457662,29.87556903515188,0.03833811437538383,0.0034006995724834826
346,10.959955798943723,144.33333333333334,32.0425017674764,30.101284292017258,29.7774638307927,0.07276736741317918,0.0023148148148148143
347,7.675226486561448,123.0,32.21323315302531,30.43918370125859,30.07227950449969,0.057993943748397045,0.0023597976133926386
348,2.072511880376202,69.83333333333333,19.985429128011067,29.225711812017476,29.41724635160051,0.026717042089092993,0.00342678959565862
349,7.63282509457327,133.38888888888889,30.175746705796982,29.347285599710503,29.56648245898148,0.053319375001556,0.0031182075974147488
350,2.98235728182481,85.05555555555556,23.295781003104317,29.804985181849133,29.631996721888957,0.030475016437902316,0.0032882425760389225
351,2.2643250355659315,76.57142857142857,27.506067487928604,29.589784631289213,29.674416739436328,0.02696581850237367,0.004320507837802825
352,3.0447697947222903,90.94444444444444,30.51314401626587,29.536179418974957,29.44473465235076,0.031090025135637942,0.004213988570770537
354,6.886072740836178,131.77777777777777,31.13661257425944,30.313389057385287,29.896143127612568,0.05009879576213532,0.0027448503692188105
357,5.844595066194427,121.05555555555556,33.026482741038,30.24293663197979,29.936888356378446,0.04510613495028531,0.0031541938362770073
359,18.006994614179956,182.44444444444446,26.47270154953003,29.610239274689135,29.57453740018153,0.0952962556194535,0.0015123216881864374
362,7.171936496938053,128.11111111111111,29.889494948916965,30.17542992848304,29.792509268908177,0.05106367197515529,0.0026530854601200505
363,2.9450718912722813,90.38888888888889,33.880302323235405,29.574049009917125,29.61077966058155,0.029041464926501264,0.004426307380057866
368,5.356436505673034,111.27777777777777,29.99506817923652,29.61779504614954,29.554188441556928,0.04007519839602814,0.0031101106936707403
369,4.560897730937737,107.5,28.59958028793335,29.534074556473154,29.499212059152267,0.037276887507464954,0.003724575722243814
370,5.912798191238345,109.5,34.40240012274848,30.429106043297875,30.010830138064907,0.051013405194182085,0.0035329490003022847
374,4.154228728563634,90.27777777777777,30.224299006991917,29.44430310836372,29.462354136344207,0.03531683894219504,0.0030345395920599962
377,12.629517935071453,150.16666666666666,27.342212253146702,29.380464502745113,29.632939098610752,0.07977044462084629,0.001862287861121907
379,4.252346878320747,106.05555555555556,23.166541205512154,29.67094665046532,29.554887650631095,0.035042033979925155,0.003613018381770811
380,2.6914540829117453,80.05882352941177,23.95505495632396,29.440567257670963,29.478737879345108,0.029404819488620275,0.0035702582626521264
386,6.5270594368072725,123.11111111111111,24.164329714245266,29.226893509154795,29.51334628049356,0.04937401824039826,0.002769141080450836
387,3.4745345712253997,98.66666666666667,24.948319170210098,29.523133842418094,29.47606712545133,0.03206046148467098,0.003443883059118193
389,4.799946998864892,107.77777777777777,28.008468521965874,28.98201124131503,29.260510676577912,0.04218085674714422,0.00407274258323617
390,2.610640144395223,79.3529411764706,33.54646548102884,29.903007374771573,29.85303012218522,0.028475464407757296,0.003455578586748427
393,4.342500888814992,100.0,33.76348829269409,29.474400686865998,29.411133238983368,0.039568139356742846,0.004228383066315441
396,4.385391672963177,108.88888888888889,31.540061473846436,29.161890476305764,29.33340408839132,0.03778793580644638,0.004312950727641749
399,2.4002223230806305,71.54545454545455,31.578650527530247,29.461758351913705,29.713598199624336,0.031337255969895256,0.0029353975039944726
402,5.592435184921974,107.05555555555556,29.940273390875923,29.94916484689213,29.8114300253698,0.048714270327413656,0.0036553022124339654
403,3.2829295371416434,81.93333333333334,34.07778483629227,29.424763923271655,29.246657134511963,0.0331836845988265,0.0029406049244415995
404,2.6749076940479912,77.16666666666667,27.689757188161213,29.811281265505443,29.63441212875942,0.030587317648035968,0.003564436959306761
405,11.374619451720573,140.38888888888889,27.909876161151463,29.05654164228303,29.408879957643098,0.07428506028857156,0.002364295893250421
406,7.2344245275109635,131.72222222222223,25.940943161646526,29.514367093647788,29.635719788891734,0.05142046732095027,0.0025937081659973223
407,9.280301513257974,140.5,33.29731241861979,29.858930415786954,29.695579405813614,0.061619449247337345,0.0025786256982388758
408,3.960957665991733,101.44444444444444,27.222534735997517,29.515472785330246,29.51069071868517,0.036181820452134944,0.0036121187257992537
410,1.6107056473231793,64.0,31.51387283537123,26.77636584228169,26.845508150432423,0.022997299673563065,0.000930244274589397
411,10.051286706315588,143.5,33.512321631113686,29.451183231507994,29.419181121960566,0.06224843304682596,0.00229052410358279
412,8.773147698275853,119.33333333333333,29.99482864803738,28.95126036097584,29.41131895885315,0.06941361700725746,0.002852809085805588
413,7.466675076960466,132.33333333333334,25.61671913994683,29.241100388896612,29.453404775111842,0.052331284919540616,0.0027160613781290035
414,3.702028673025503,95.33333333333333,26.202121946546768,29.336025069986004,29.37627083015978,0.03374775963758578,0.004534266096644642
